WarehouseName,ProductName,ProductStandardCost,ProductListPrice,CustomerCreditLimit,Status,OrderItemQuantity,PerUnitPrice,TotalItemQuantity,Year,Month,Day,DayOfWeek,CostPriceRatio,RegionName_Australia,RegionName_North  America,RegionName_North America,RegionName_South America,CountryName_Canada,CountryName_China,CountryName_India,CountryName_Mexico,CountryName_United States of America,State_California,State_Distrito Federal,State_Maharashtra,State_New Jersey,State_New South Wales,State_Ontario,State_Texas,State_Washington,City_Bombay,City_Mexico City,City_Seattle,City_South Brunswick,City_South San Francisco,City_Southlake,City_Sydney,City_Toronto,CategoryName_Mother Board,CategoryName_RAM,CategoryName_Storage,CategoryName_Video Card,Profit
0.17604873912421065,0.6648051130558303,0.5018471226056728,0.3200553867777719,2.026153414868113,-1.4287439717725614,0.3148245177676972,0.8579491253065348,0.14489702228728177,1.0700007523445527,-1.046305292820673,0.09247235265864395,0.8553343986955897,1.3669924537113938,False,True,False,False,False,False,False,False,True,False,False,False,False,False,False,False,True,False,False,True,False,False,False,False,False,False,False,True,False,-0.44928612365060144
0.17604873912421065,-0.8445944493066518,0.249630135501345,0.19904270405018834,-1.1351230040425755,-0.23079710313249066,-0.49507806596511156,-0.40609563772955126,-0.08661961249881024,-1.8457512977943287,0.9224516453351189,1.1647581441258998,-0.7159821652002408,0.4745999786816059,False,True,False,False,False,False,False,False,True,False,False,False,False,False,False,False,True,False,False,True,False,False,False,False,False,False,False,True,False,-0.03586375076997442
1.455336243426808,-1.0835827133473783,-0.09206399712527658,-0.1659668013499736,-0.9375432278606574,-0.23079710313249066,1.5146801973718582,0.07313752056741002,0.029138704894235756,1.0700007523445527,0.6412006541700057,1.1647581441258998,-0.19220997723496397,0.6739270050726821,False,True,False,False,True,False,False,False,False,False,False,False,False,False,True,False,False,False,False,False,False,False,False,False,True,True,False,False,False,-0.42266215974316357
1.455336243426808,-0.907486097738422,-0.7490118534277046,-0.6617303074931643,-0.47652375010284864,-1.4287439717725614,-0.3450961060145914,-0.8640594592256924,1.3024801962177417,-0.3878752727248879,0.6412006541700057,-1.194270597102063,-1.2397543531655175,-1.2661631338653607,False,True,False,False,True,False,False,False,False,False,False,False,False,False,True,False,False,False,False,False,False,False,False,False,True,True,False,False,False,-0.19615366680757562
0.17604873912421065,-0.5678711962068634,0.20385846066860994,0.2921070815191733,-1.2009829294365482,0.9671497655075801,1.4246910214015462,0.24275375075116595,-0.08661961249881024,1.0700007523445527,-1.3275562839857862,0.5213866692455463,-0.7159821652002408,-0.47963809590497075,False,True,False,False,False,False,False,False,True,False,False,False,False,False,False,False,True,False,False,True,False,False,False,False,False,False,False,True,False,0.5808564798448841
1.0289070753259422,1.3691915754916555,-1.4505406906498506,-1.459329712025639,-0.47652375010284864,-0.23079710313249066,-0.7350492018859438,-0.8099438048337321,0.10148765326488951,-0.3878752727248879,1.4849536276653452,-0.2292133847815328,-0.19220997723496397,-1.2788932618187845,True,False,False,False,False,False,False,False,False,False,False,False,False,True,False,False,False,False,False,False,False,False,False,True,False,False,False,True,False,-1.2172850825190054
0.17604873912421065,-0.5804495258932175,0.0004949444071781254,0.054372534713666695,-1.0692630786486028,-1.4287439717725614,-1.035013121786984,0.5631399633204828,0.7960375576231655,1.0700007523445527,-1.3275562839857862,-1.6231849136889653,-0.19220997723496397,-0.33671322735475284,False,True,False,False,False,False,False,False,True,False,False,False,False,False,False,False,True,False,False,True,False,False,False,False,False,False,False,True,False,0.2541326560987346
-0.2503804289766552,-1.3980409555062288,1.5032207034528196,1.7025977445234055,0.24793542923085088,-0.23079710313249066,-0.7650455938760478,0.07313752056741002,-1.2442027864292702,1.0700007523445527,-1.3275562839857862,-0.6581277013684351,0.8553343986955897,-0.5484103019272852,False,True,False,False,False,False,False,False,True,True,False,False,False,False,False,False,False,False,False,False,False,True,False,False,False,False,False,False,True,2.1575412757581867
-0.2503804289766552,-0.0395813493799947,0.1979400115127324,0.19933262422921952,-0.47652375010284864,0.9671497655075801,1.6346657653322745,0.6815751691265689,-1.1284444690362243,1.0700007523445527,-1.3275562839857862,0.4141580900988207,-1.2397543531655175,0.10059384112172269,False,True,False,False,False,False,False,False,True,True,False,False,False,False,False,False,False,False,False,False,False,True,False,False,False,False,False,False,False,0.16702450751952727
1.0289070753259422,1.5452881911006116,-1.560329673511843,-1.5876773752827096,-0.3448038993149033,-1.4287439717725614,-1.3349770416880242,-1.3753312387795853,0.49217197446641975,-1.8457512977943287,-0.76505430165556,-0.7653562805151607,0.33156221073031283,-1.1020702601759764,True,False,False,False,False,False,False,False,False,False,False,False,False,True,False,False,False,False,False,False,False,False,False,True,False,False,False,True,False,-1.3936859100493124
-1.5296679332792527,-1.3980409555062288,1.5032207034528196,1.7025977445234055,1.8944335640801677,-1.4287439717725614,1.8146441172728986,0.5146781832679811,-0.3615456163072945,-0.3878752727248879,1.2037026365002321,1.379215302419351,-0.7159821652002408,-0.5484103019272852,False,False,False,False,False,False,True,False,False,False,False,True,False,False,False,False,False,True,False,False,False,False,False,False,False,False,False,False,True,2.1575412757581867
-0.2503804289766552,-0.1653646462435349,0.0718315179605685,-0.020861751744905354,-0.47652375010284864,0.9671497655075801,0.8847559655796737,2.2323521308066234,-1.6204173179566697,-0.3878752727248879,0.9224516453351189,-1.5159563345422398,1.9028787746261433,0.8115205011181885,False,True,False,False,False,False,False,False,True,True,False,False,False,False,False,False,False,False,False,False,False,True,False,False,False,False,False,False,False,-0.37828888656410026
-0.2503804289766552,-1.3728842961335206,0.5068900615313909,0.5675312515987236,-0.47652375010284864,-1.4287439717725614,-1.4549626096484405,0.1619841173303298,-1.142914258710355,1.0700007523445527,-1.3275562839857862,0.30692951095209514,1.9028787746261433,-0.19912916258427196,False,True,False,False,False,False,False,False,True,True,False,False,False,False,False,False,False,False,False,False,False,True,False,False,False,False,False,False,False,0.6965000564069354
-0.676809597077521,-0.8320161196202979,1.7942052835486069,1.6489335193847479,0.31379535462482355,-1.4287439717725614,-0.6450600259156317,-1.6257171023841774,-0.5930622510933865,1.0700007523445527,-1.3275562839857862,-0.6581277013684351,0.8553343986955897,0.8820017839558817,False,True,False,False,False,False,False,False,True,False,False,False,True,False,False,False,False,False,False,False,True,False,False,False,False,False,False,True,False,0.7703644896065452
0.17604873912421065,-0.6056061852659256,0.24539266598737322,0.1877358170679753,-1.1351230040425755,0.9671497655075801,1.5446765893619623,0.22659982406699872,0.14489702228728177,-1.8457512977943287,0.9224516453351189,1.2719867232726254,-0.19220997723496397,0.5256242126879138,False,True,False,False,False,False,False,False,True,False,False,False,False,False,False,False,True,False,False,True,False,False,False,False,False,False,False,True,False,-0.07259116764741469
-0.676809597077521,1.1302033114509291,0.297468014477256,0.3442927137447723,1.1699743847464683,0.9671497655075801,-0.49507806596511156,-1.442746959474843,-1.490189210889493,-0.3878752727248879,1.4849536276653452,0.4141580900988207,-0.7159821652002408,-0.17797568645271877,False,True,False,False,False,False,False,False,True,False,False,False,True,False,False,False,False,False,False,False,True,False,False,False,False,False,False,False,True,0.46166304142850795
-0.676809597077521,-0.8445944493066518,1.9663305947979508,1.8373816357549664,0.31379535462482355,-0.23079710313249066,-0.2851033220343834,0.17813804401449704,-0.8824580445760015,-0.3878752727248879,-1.3275562839857862,0.09247235265864395,-0.19220997723496397,0.7973100577698908,False,True,False,False,False,False,False,False,True,False,False,False,True,False,False,False,False,False,False,False,True,False,False,False,False,False,False,True,False,0.9867695295721314
0.6024779072250764,-0.027003019693640683,1.980794023800184,1.6489335193847479,-0.805823377072712,0.9671497655075801,0.8847559655796737,-0.40609563772955126,0.651339660881858,1.0700007523445527,-0.4838033104904468,1.1647581441258998,1.3791065866608665,1.6651531390888221,False,False,False,True,False,False,False,False,True,False,False,False,False,False,False,True,False,False,False,False,False,False,True,False,False,False,False,False,False,0.04291587576639336
1.455336243426808,-1.0206910649156082,-0.7045359337356057,-0.8153880023796503,-1.0692630786486028,0.9671497655075801,1.334701845431234,-0.7587897036672024,-0.27472687826250997,-0.3878752727248879,0.9224516453351189,-1.5159563345422398,1.9028787746261433,1.317880933430685,False,True,False,False,True,False,False,False,False,False,False,False,False,False,True,False,False,False,False,False,False,False,False,False,True,True,False,False,False,-1.0931764507658714
-0.676809597077521,1.9603730707502942,0.2553734826111908,0.3732847316478829,1.1041144593524956,-1.4287439717725614,-1.2449878657177122,-0.7560973825531746,-1.5046590005636238,-0.3878752727248879,1.4849536276653452,-1.6231849136889653,0.33156221073031283,-0.6401782917967536,False,True,False,False,False,False,False,False,True,False,False,False,True,False,False,False,False,False,False,False,True,False,False,False,False,False,False,False,True,0.7623090338601922
0.17604873912421065,-0.6056061852659256,0.13612898926347652,0.13555018484237627,-1.1351230040425755,-0.23079710313249066,-1.3949698256682324,2.067878233950661,0.7381583989266425,1.0700007523445527,-1.046305292820673,0.19970093180536955,1.3791065866608665,0.10232489601806904,False,True,False,False,False,False,False,False,True,False,False,False,False,False,False,False,True,False,False,True,False,False,False,False,False,False,False,True,False,0.10763258803370411
1.455336243426808,-0.957799416483838,-0.7629149558826364,-0.7168441335269774,-0.47652375010284864,-1.4287439717725614,-0.915027553826568,-0.8640594592256924,1.5484666206779645,1.0700007523445527,-1.3275562839857862,0.4141580900988207,-1.2397543531655175,-0.8129769140344411,False,True,False,False,True,False,False,False,False,False,False,False,False,False,True,False,False,False,False,False,False,False,False,False,True,True,False,False,False,-0.4014995217654563
0.17604873912421065,-0.5678711962068634,0.1737759291603319,0.37038552985757184,2.026153414868113,0.9671497655075801,1.0047415335400898,0.27236928300547253,0.130427232613151,-0.3878752727248879,-0.20255231932533366,-0.2292133847815328,-0.7159821652002408,-1.1639154572917363,False,True,False,False,False,False,False,False,True,False,False,False,False,False,False,False,True,False,False,True,False,False,False,False,False,False,False,True,False,1.0667779544426885
-0.676809597077521,-0.5552928665205095,2.3364963201093563,2.283858711462869,2.026153414868113,0.9671497655075801,-0.5250744579552156,1.2900666641080083,-1.4467798418671007,1.0700007523445527,-1.046305292820673,0.09247235265864395,0.8553343986955897,0.4940273355442877,False,True,False,False,False,False,False,False,True,False,False,False,True,False,False,False,False,False,False,False,True,False,False,False,False,False,False,True,False,1.646224635587134
1.455336243426808,-0.3917745805979072,-0.7683431193096248,-0.8327832131215166,-0.47652375010284864,-0.23079710313249066,-0.015135794123447115,0.15595331803490733,-0.27472687826250997,-0.3878752727248879,0.9224516453351189,-1.5159563345422398,1.9028787746261433,0.6526204341426898,False,True,False,False,True,False,False,False,False,False,False,False,False,False,True,False,False,False,False,False,False,False,False,False,True,True,False,False,False,-0.9263329436125932
-1.1032387651783868,1.5830231801596737,-0.14771142735420975,0.19646241445681153,0.31379535462482355,0.9671497655075801,-1.2149914737276082,-1.4541354777871809,1.0130844027351267,-1.8457512977943287,-0.20255231932533366,1.379215302419351,-1.2397543531655175,-2.369860633763826,False,False,True,False,False,False,False,True,False,False,True,False,False,False,False,False,False,False,True,False,False,False,False,False,False,False,True,False,False,1.501089899004536
-0.2503804289766552,0.17425025528802363,0.13311723407172843,-0.06461070676069897,-0.47652375010284864,-0.23079710313249066,-0.19511414606407126,-1.5425513031718563,-1.605947528282539,-0.3878752727248879,0.9224516453351189,-1.5159563345422398,1.9028787746261433,1.6880136229157845,False,True,False,False,False,False,False,False,True,True,False,False,False,False,False,False,False,False,False,False,False,True,False,False,False,False,False,False,False,-0.823250416688923
-0.2503804289766552,-0.11505132749811882,1.3049351465263124,1.0053107219356932,-0.27894397392093057,0.9671497655075801,-1.2749842577078163,0.5631399633204828,0.88285629566795,1.0700007523445527,0.3599496630048926,-0.44367054307498394,1.3791065866608665,1.7639472781936298,False,True,False,False,False,False,False,False,True,True,False,False,False,False,False,False,False,False,False,False,False,True,False,False,False,False,False,False,False,-0.3531667872873382
-0.2503804289766552,0.11135860685625353,-0.047973301934447696,-0.12259474256692009,-0.3448038993149033,-1.4287439717725614,-1.3049806496979204,0.2184151678803541,-1.5625381592601468,1.0700007523445527,0.3599496630048926,0.843072406685723,0.33156221073031283,0.6756185570762294,False,True,False,False,False,False,False,False,True,True,False,False,False,False,False,False,False,False,False,False,False,True,False,False,False,False,False,False,False,-0.3903038036095081
-0.2503804289766552,0.12393693654260754,-0.025280076768715472,-0.003611501092554436,-0.47652375010284864,-1.4287439717725614,0.10484977383696899,0.10547229714688473,-1.6204173179566697,-0.3878752727248879,0.9224516453351189,-1.5159563345422398,1.9028787746261433,-0.10572813554742336,False,True,False,False,False,False,False,False,True,True,False,False,False,False,False,False,False,False,False,False,False,True,False,False,False,False,False,False,False,0.08155475671923924
-0.676809597077521,-1.0584260539746702,0.6617503110419906,0.6776719276126407,0.31379535462482355,0.9671497655075801,1.7846477252827946,0.6815751691265689,-1.3454913141481855,1.0700007523445527,1.2037026365002321,-1.6231849136889653,-0.19220997723496397,0.09190722756999414,False,True,False,False,False,False,False,False,True,False,False,False,True,False,False,False,False,False,False,False,True,False,False,False,False,False,False,False,True,0.6114399050513771
1.0289070753259422,1.3062999270598854,-1.4680508952530393,-1.5260113532027935,1.038254533958523,-1.4287439717725614,-1.2449878657177122,-0.5945581157115023,0.05807828424249726,-0.3878752727248879,1.4849536276653452,-1.5159563345422398,0.8553343986955897,0.6926485885131098,True,False,False,False,False,False,False,False,False,False,False,False,False,True,False,False,False,False,False,False,False,False,False,True,False,False,False,True,False,-1.4630447493568948
1.455336243426808,-1.0961610430337323,-0.16872367287803602,-0.1689529791939939,-0.9375432278606574,0.9671497655075801,-1.5449517856187525,-1.3034462650350411,0.043608494568366504,-0.3878752727248879,0.6412006541700057,1.1647581441258998,-0.7159821652002408,0.026615322670720736,False,True,False,False,True,False,False,False,False,False,False,False,False,False,True,False,False,False,False,False,False,False,False,False,True,True,False,False,False,-0.13785401250769863
1.0289070753259422,1.0421550036464509,-0.8572249178754099,-0.9606380120742343,-0.9375432278606574,0.9671497655075801,-1.0950059057671921,0.7516024413024338,-0.15896856086946398,-0.3878752727248879,-0.20255231932533366,0.5213866692455463,-0.7159821652002408,1.3298186150808133,True,False,False,False,False,False,False,False,False,False,False,False,False,True,False,False,False,False,False,False,False,False,False,True,False,True,False,False,False,-1.181922997123998
-0.676809597077521,-0.47982288840238535,0.6344694122702229,0.44573578438775624,0.31379535462482355,0.9671497655075801,-1.5449517856187525,-1.4318699821741705,-1.5335985799118852,-0.3878752727248879,1.2037026365002321,0.09247235265864395,0.33156221073031283,1.3635754540279246,False,True,False,False,False,False,False,False,True,False,False,False,True,False,False,False,False,False,False,False,True,False,False,False,False,False,False,False,True,-0.3744659584132886
1.455336243426808,-0.9452210867974841,-0.6121520942491829,-0.5535610886966588,-0.47652375010284864,-1.4287439717725614,-1.035013121786984,-0.2553256553439904,0.8683865059938193,1.0700007523445527,-1.046305292820673,-0.7653562805151607,0.33156221073031283,-0.7884312574699698,False,True,False,False,True,False,False,False,False,False,False,False,False,False,True,False,False,False,False,False,False,False,False,False,True,True,False,False,False,-0.2203200340466347
-1.1032387651783868,1.5578665207869657,-1.655690247780808,-1.7025437502148335,-0.47652375010284864,-0.23079710313249066,-0.3150997140244874,0.27236928300547253,0.9696750337127346,1.0700007523445527,-0.4838033104904468,-0.5508991222217096,0.33156221073031283,-0.3104039229049542,False,False,True,False,False,False,False,True,False,False,True,False,False,False,False,False,False,False,True,False,False,False,False,False,False,False,False,True,False,-1.5628504807227261
0.17604873912421065,-0.7942811305612358,0.3119314434794897,0.5151426752478028,1.1041144593524956,-1.4287439717725614,-0.7350492018859438,-1.4913702787941865,0.07254807391662801,-0.3878752727248879,1.2037026365002321,1.4864438815660765,-0.19220997723496397,-1.1024033184466722,False,True,False,False,False,False,False,False,True,False,False,False,False,False,False,False,True,False,False,True,False,False,False,False,False,False,False,True,False,1.209864693801637
-0.676809597077521,1.142781641137283,1.0221453421848172,0.9238431516279525,0.24793542923085088,0.9671497655075801,-0.7650455938760478,-0.7830205936934533,-1.5625381592601468,-1.8457512977943287,1.4849536276653452,-1.6231849136889653,-0.7159821652002408,0.7339083721529557,False,True,False,False,False,False,False,False,True,False,False,False,True,False,False,False,False,False,False,False,True,False,False,False,False,False,False,False,True,0.3656802382134879
-1.5296679332792527,-0.6433411743249876,-0.955772349382155,-1.006764312558083,0.18207550383687818,-1.4287439717725614,-0.10512497009375919,0.8859492648924245,2.156197786991456,-1.8457512977943287,0.9224516453351189,1.2719867232726254,-0.19220997723496397,0.44665970554468326,False,False,False,False,False,False,True,False,False,False,False,True,False,False,False,False,False,True,False,False,False,False,False,False,False,True,False,False,False,-1.0149429568224766
0.17604873912421065,-0.5552928665205095,0.4037549564186106,0.48925280326032516,1.1041144593524956,-0.23079710313249066,1.7846477252827946,0.04082966719907555,0.10148765326488951,-1.8457512977943287,0.9224516453351189,1.1647581441258998,-0.7159821652002408,-0.37917042302040144,False,True,False,False,False,False,False,False,True,False,False,False,False,False,False,False,True,False,False,True,False,False,False,False,False,False,False,True,False,0.7299506777265371
1.455336243426808,0.9792633552146808,-0.7152171585435507,-0.6704279128640974,-0.47652375010284864,-0.23079710313249066,1.6646621573223783,-1.4294468931715456,1.1867218788246958,-1.8457512977943287,-0.4838033104904468,1.593672460712802,1.9028787746261433,-0.7443432963234443,False,True,False,False,True,False,False,False,False,False,False,False,False,False,True,False,False,False,False,False,False,False,False,False,True,True,False,False,False,-0.36886809933531434
-0.2503804289766552,-0.21567796498895095,0.007499026248453546,0.08339354463468035,-0.47652375010284864,0.9671497655075801,-1.2449878657177122,0.17813804401449704,-1.0705653103397013,-0.3878752727248879,0.9224516453351189,-0.6581277013684351,-1.2397543531655175,-0.4920606886916669,False,True,False,False,False,False,False,False,True,True,False,False,False,False,False,False,False,False,False,False,False,True,False,False,False,False,False,False,False,0.36349570784159557
1.455336243426808,-0.5175578774614474,-1.0133108817082324,-0.9458230909257447,1.1699743847464683,0.9671497655075801,-0.8250383778562559,-0.9068942881498757,-0.23131750924011774,1.0700007523445527,-0.20255231932533366,1.4864438815660765,0.8553343986955897,-1.5062728999965125,False,True,False,False,True,False,False,False,False,False,False,False,False,False,True,False,False,False,False,False,False,False,False,False,True,True,False,False,False,-0.5059473801715593
1.455336243426808,-0.894907768052068,-0.6116618085202937,-0.4674837875423235,-0.805823377072712,-0.23079710313249066,1.4246910214015462,0.22659982406699872,0.24618555000619702,1.0700007523445527,0.3599496630048926,-0.2292133847815328,-1.2397543531655175,-1.6243144560957246,False,True,False,False,True,False,False,False,False,False,False,False,False,False,True,False,False,False,False,False,False,False,False,False,True,True,False,False,False,0.18313541901223343
1.455336243426808,-1.3603059664471666,-0.5870424608482104,-0.6646585013013784,-0.47652375010284864,0.9671497655075801,1.3946946294114422,-0.7453280980970631,1.3603593549142647,1.0700007523445527,0.6412006541700057,-1.194270597102063,-0.7159821652002408,0.7954857851482039,False,True,False,False,True,False,False,False,False,False,False,False,False,False,True,False,False,False,False,False,False,False,False,False,True,True,False,False,False,-0.8414093254052781
0.6024779072250764,0.32519021152427185,1.8729311634445427,1.9380999059503725,-0.9375432278606574,-1.4287439717725614,0.7947667896093616,-1.2903346612097253,0.9117958750162115,-0.3878752727248879,0.6412006541700057,1.1647581441258998,-0.7159821652002408,0.03709661813566099,False,False,False,True,False,False,False,False,True,False,False,False,False,False,False,True,False,False,False,False,False,False,True,False,False,False,False,False,False,1.8252195929340633
0.17604873912421065,-0.8445944493066518,0.677019209455971,0.5037488122118805,1.1041144593524956,0.9671497655075801,-0.2551069300442793,-0.8640594592256924,0.08701786359075876,1.0700007523445527,1.2037026365002321,-1.6231849136889653,-0.19220997723496397,1.2453245178687198,False,True,False,False,False,False,False,False,True,False,False,False,False,False,False,False,True,False,False,True,False,False,False,False,False,False,False,True,False,-0.267150903894077
-0.676809597077521,-0.4546662290296773,0.311231035295362,0.5617038560001985,0.31379535462482355,0.9671497655075801,0.16484255781717705,0.2508307140932496,-1.5770079489342774,-0.3878752727248879,0.6412006541700057,-0.2292133847815328,-0.19220997723496397,-1.3597746819318923,False,True,False,False,False,False,False,False,True,False,False,False,True,False,False,False,False,False,False,False,True,False,False,False,False,False,False,False,True,1.4318675928451974
1.0289070753259422,-0.6559195040113416,-0.9334993691268991,-1.006764312558083,-1.0034031532546301,-0.23079710313249066,0.9747451415499858,0.3989083753647826,-0.13002898152120249,1.0700007523445527,-1.3275562839857862,0.5213866692455463,-0.7159821652002408,0.8416882470502466,True,False,False,False,False,False,False,False,False,False,False,False,False,True,False,False,False,False,False,False,False,False,False,True,False,True,False,False,False,-1.1017780391051974
-1.5296679332792527,-1.2974143180153965,-1.0254629637028454,-1.009663514348394,1.630993862504277,-0.23079710313249066,-0.10512497009375919,-0.1099403151864853,1.5050572516555722,-0.3878752727248879,0.6412006541700057,0.30692951095209514,-1.2397543531655175,-0.7423073001908954,False,False,False,False,False,False,True,False,False,False,False,True,False,False,False,False,False,True,False,False,False,False,False,False,False,True,False,False,False,-0.7568953066426928
0.17604873912421065,-0.8445944493066518,0.10986368235869369,0.2573166600354406,-1.2009829294365482,-1.4287439717725614,1.334701845431234,0.04082966719907555,-0.028740453802287243,1.0700007523445527,-1.3275562839857862,-0.6581277013684351,0.8553343986955897,-0.9100989842565568,False,True,False,False,False,False,False,False,True,False,False,False,False,False,False,False,True,False,False,True,False,False,False,False,False,False,False,True,False,0.7834716718378995
0.17604873912421065,-0.8320161196202979,0.35843854690555843,0.3008046868901065,-1.2009829294365482,0.9671497655075801,-1.6049445695989606,1.6912494333093016,0.14489702228728177,1.0700007523445527,-1.3275562839857862,0.5213866692455463,-0.7159821652002408,0.5240314577046047,False,True,False,False,False,False,False,False,True,False,False,False,False,False,False,False,True,False,False,True,False,False,False,False,False,False,False,True,False,0.019159107972063938
1.455336243426808,1.0547333333328048,-0.916759613526251,-0.9606380120742343,1.1699743847464683,-1.4287439717725614,-1.5449517856187525,-1.0414564974289888,-0.20237792989185624,-1.8457512977943287,-0.20255231932533366,1.4864438815660765,-0.7159821652002408,0.3299428279815495,False,True,False,False,True,False,False,False,False,False,False,False,False,False,True,False,False,False,False,False,False,False,False,False,True,True,False,False,False,-0.949816645110436
0.17604873912421065,-0.6056061852659256,0.03712629243704851,0.16164300095517578,-1.1351230040425755,0.9671497655075801,-0.3450961060145914,-1.6257171023841774,0.6658094505559887,-0.3878752727248879,0.6412006541700057,0.30692951095209514,-1.2397543531655175,-0.809610405416299,False,True,False,False,False,False,False,False,True,False,False,False,False,False,False,False,True,False,False,True,False,False,False,False,False,False,False,True,False,0.6164916315363782
-0.2503804289766552,0.03588862873812941,-0.3761495566074077,-0.1923495376418043,-0.3448038993149033,0.9671497655075801,-1.065009513777088,0.730090795601351,-1.5625381592601468,-0.3878752727248879,0.3599496630048926,0.843072406685723,-0.19220997723496397,-1.62094748853778,False,True,False,False,False,False,False,False,True,True,False,False,False,False,False,False,False,False,False,False,False,True,False,False,False,False,False,False,False,0.56064957390488
1.455336243426808,-1.2722576586426886,-0.8503959380801662,-0.8038201872363091,2.026153414868113,-0.23079710313249066,0.07485338184686496,-1.4318699821741705,-0.27472687826250997,-0.3878752727248879,0.9224516453351189,-0.6581277013684351,-1.2397543531655175,-0.9313161378585595,False,True,False,False,True,False,False,False,False,False,False,False,False,False,True,False,False,False,False,False,False,False,False,False,True,True,False,False,False,-0.4700391621835789
-0.676809597077521,0.9037933770965567,0.11487160087520583,0.33075344138401985,1.1699743847464683,-0.23079710313249066,-1.4549626096484405,-1.4264853399461148,-1.490189210889493,-0.3878752727248879,0.3599496630048926,-0.014756226488081628,-0.7159821652002408,-1.3246422880307536,False,True,False,False,False,False,False,False,True,False,False,False,True,False,False,False,False,False,False,False,True,False,False,False,False,False,False,False,True,1.1097858961393192
-0.2503804289766552,0.4761301677605201,0.25908564598706657,0.23122384392264114,2.026153414868113,-1.4287439717725614,-0.10512497009375919,-0.7619666425817554,-1.1284444690362243,1.0700007523445527,-0.4838033104904468,-0.5508991222217096,0.33156221073031283,0.31398747470772254,False,True,False,False,False,False,False,False,True,True,False,False,False,False,False,False,False,False,False,False,False,True,False,False,False,False,False,False,False,0.07882409375437396
1.455336243426808,-0.6307628446386335,-0.8916499801252786,-0.9235862131940589,2.026153414868113,0.9671497655075801,0.5547956536885295,0.2128689863854565,-0.2457872989142485,-0.3878752727248879,0.3599496630048926,0.843072406685723,-0.19220997723496397,0.1444666491888485,False,True,False,False,True,False,False,False,False,False,False,False,False,False,True,False,False,False,False,False,False,False,False,False,True,True,False,False,False,-0.8732215489459604
1.455336243426808,-0.5049795477750934,-0.4452098035623832,-0.36893991868965065,-0.805823377072712,-0.23079710313249066,-0.7950419858661518,-0.2553256553439904,0.17383660163554326,1.0700007523445527,-0.4838033104904468,1.1647581441258998,1.3791065866608665,-0.8024891546634514,False,True,False,False,True,False,False,False,False,False,False,False,False,False,True,False,False,False,False,False,False,False,False,False,True,True,False,False,False,-0.0017304637091564673
-0.2503804289766552,0.061045288110837446,-0.18924563267297304,-0.10508356375344141,-0.47652375010284864,-0.23079710313249066,-0.37509249800469546,0.6521480993502441,-1.5770079489342774,-0.3878752727248879,0.6412006541700057,1.379215302419351,0.33156221073031283,-0.6702850122543689,False,True,False,False,False,False,False,False,True,True,False,False,False,False,False,False,False,False,False,False,False,True,False,False,False,False,False,False,False,0.24293693794278642
0.6024779072250764,-0.240834624361659,0.9824672185539922,1.0806609764658777,-0.47652375010284864,-1.4287439717725614,-0.2251105380541753,1.8285308869135828,2.214076945687979,1.0700007523445527,0.3599496630048926,-0.2292133847815328,-1.2397543531655175,-0.26451949253074203,False,False,False,True,False,False,False,False,True,False,False,False,False,False,False,True,False,False,False,False,False,False,True,False,False,False,False,False,False,1.258880094020972
-1.5296679332792527,-1.1842093508382103,0.9621203608050869,0.7791729822914308,0.4455152054127689,-0.23079710313249066,-0.13512136208386322,-0.9149712514919593,-0.20237792989185624,-0.3878752727248879,0.6412006541700057,1.1647581441258998,-0.7159821652002408,1.2206554010779673,False,False,False,False,False,False,True,False,False,False,False,True,False,False,False,False,False,True,False,False,False,False,False,False,False,False,False,False,True,-0.08160235543147058
-1.1032387651783868,1.834589773886754,-1.7319296786230909,-1.78499704913128,-0.47652375010284864,-1.4287439717725614,0.014860597866656913,0.00033715764409644804,0.9262656646903422,1.0700007523445527,-1.3275562839857862,0.30692951095209514,1.9028787746261433,0.2226767889836879,False,False,True,False,False,False,False,True,False,False,True,False,False,False,False,False,False,False,True,False,False,False,False,False,False,False,False,True,False,-1.6539180906009885
0.6024779072250764,0.3000335521515638,1.5336534390531613,1.3590133403536422,-1.2009829294365482,-1.4287439717725614,-0.7950419858661518,-0.7830205936934533,1.0420239820833883,1.0700007523445527,-0.4838033104904468,1.1647581441258998,1.3791065866608665,1.0513299252255266,False,False,False,True,False,False,False,False,True,False,False,False,False,False,False,True,False,False,False,False,False,False,True,False,False,False,False,False,False,0.42083963010376957
-0.2503804289766552,0.14909359591531557,0.07624408952057199,0.04857413113304458,-0.47652375010284864,0.9671497655075801,1.9046332932432106,1.8689157036240007,-1.6204173179566697,-0.3878752727248879,0.9224516453351189,-0.6581277013684351,-1.2397543531655175,0.2945499374230074,False,True,False,False,False,False,False,False,True,True,False,False,False,False,False,False,False,False,False,False,False,True,False,False,False,False,False,False,False,-0.06849517320011639
-1.1032387651783868,1.4698182129824875,-1.4167810161749033,-1.4196686315341838,1.1699743847464683,0.9671497655075801,1.334701845431234,0.06775287833935427,0.998614613060996,-0.3878752727248879,0.9224516453351189,-1.5159563345422398,1.9028787746261433,-1.3170909827180526,False,False,True,False,False,False,False,True,False,False,True,False,False,False,False,False,False,False,True,False,False,False,False,False,False,False,False,True,False,-1.1621256906287236
-1.5296679332792527,-1.4106192851925827,0.6997474550309098,1.0690931613225365,0.840674757776605,0.9671497655075801,-1.4849590016385446,-0.19178687705293254,-0.3615456163072945,-0.3878752727248879,1.2037026365002321,1.379215302419351,-0.7159821652002408,-1.6332632089426256,False,False,False,False,False,False,True,False,False,False,False,True,False,False,False,False,False,True,False,False,False,False,False,False,False,False,False,False,True,2.3066354736398393
-1.5296679332792527,-0.0018463603209326442,-1.0067970855958466,-0.9899199501563758,1.7627137132922224,0.9671497655075801,-0.2551069300442793,-0.4768229133950634,1.4471780929590492,1.0700007523445527,1.2037026365002321,-1.6231849136889653,-0.19220997723496397,-0.7318772047452206,False,False,False,False,False,False,True,False,False,False,False,True,False,False,False,False,False,True,False,False,False,False,False,False,False,True,False,False,False,-0.7366884007026887
0.6024779072250764,0.27487689277885574,1.3988949044270222,1.6634005363184,0.31379535462482355,-0.23079710313249066,0.3448209097578012,0.3073694574878349,0.593460502185335,-0.3878752727248879,-0.4838033104904468,1.1647581441258998,0.8553343986955897,-0.8323836856335993,False,False,False,True,False,False,False,False,True,False,False,False,False,False,False,True,False,False,False,False,False,False,True,False,False,False,False,False,False,2.37968070794999
-0.2503804289766552,0.04846695842448343,0.09907739632312978,-0.08478915122126401,-0.47652375010284864,-0.23079710313249066,-1.2449878657177122,-0.5461232588701408,-1.5914777386084082,-0.3878752727248879,0.6412006541700057,1.379215302419351,0.33156221073031283,1.5857928565770512,False,True,False,False,False,False,False,False,True,True,False,False,False,False,False,False,False,False,False,False,False,True,False,False,False,False,False,False,False,-0.7855672677737799
1.455336243426808,-1.3477276367608126,-0.49865094801131465,-0.3805077338329918,-0.805823377072712,-1.4287439717725614,1.184719885480714,-0.5461232588701408,0.23171576033206626,-0.3878752727248879,0.6412006541700057,-0.9798134388086118,-0.19220997723496397,-1.2346791450270154,False,True,False,False,True,False,False,False,False,False,False,False,False,False,True,False,False,False,False,False,False,False,False,False,True,True,False,False,False,0.1521423943610106
-1.5296679332792527,1.0421550036464509,-0.8572249178754099,-0.9606380120742343,-0.8716833024666847,0.9671497655075801,-1.3649734336781283,0.06562594465927235,1.6208155690486183,-1.8457512977943287,1.4849536276653452,-0.2292133847815328,-1.2397543531655175,1.3298186150808133,False,False,False,False,False,False,True,False,False,False,False,True,False,False,False,False,False,True,False,False,False,False,False,False,False,True,False,False,False,-1.181922997123998
1.455336243426808,-1.1716310211518564,-0.5129042545583101,-0.6182712726564015,-0.47652375010284864,0.9671497655075801,0.10484977383696899,2.1839172739652617,0.88285629566795,-0.3878752727248879,-0.20255231932533366,-0.44367054307498394,1.9028787746261433,1.1185159805566731,False,True,False,False,True,False,False,False,False,False,False,False,False,False,True,False,False,False,False,False,False,False,False,False,True,True,False,False,False,-0.9119969630470496
1.0289070753259422,0.9666850255283268,-0.9919834525015491,-1.0125627161387052,-0.9375432278606574,-1.4287439717725614,0.9747451415499858,-1.3552465232689372,0.029138704894235756,1.0700007523445527,-1.3275562839857862,-0.6581277013684351,0.8553343986955897,-0.09692703667654456,True,False,False,False,False,False,False,False,False,False,False,False,False,True,False,False,False,False,False,False,False,False,False,True,False,True,False,False,False,-0.9010743111875879
1.455336243426808,0.9918416849010349,-0.3228134733860953,-0.23670732503356331,-0.8716833024666847,-0.23079710313249066,0.28482812577759314,-1.5099472944809789,0.14489702228728177,-0.3878752727248879,0.3599496630048926,-0.014756226488081628,-0.7159821652002408,-0.7846572876305389,False,True,False,False,True,False,False,False,False,False,False,False,False,False,True,False,False,False,False,False,False,False,False,False,True,True,False,False,False,0.14381387231817122
0.6024779072250764,-0.12762965718447283,1.2551711450440508,1.0975053388675846,-0.6741035262847667,0.9671497655075801,0.5547956536885295,0.05429127276921491,1.1433125098023036,-0.3878752727248879,0.3599496630048926,-0.014756226488081628,-0.7159821652002408,1.0160409833118034,False,False,False,True,False,False,False,False,True,False,False,False,False,False,False,True,False,False,False,False,False,False,True,False,False,False,False,False,False,0.2750222277799552
-0.676809597077521,-0.7188111524431117,0.048507925429121065,0.32049026704631844,2.026153414868113,-0.23079710313249066,-1.5749481776088565,-0.9499445027631814,-1.4757194212153621,-0.3878752727248879,0.6412006541700057,1.379215302419351,0.33156221073031283,-1.7142595081829963,False,True,False,False,False,False,False,False,True,False,False,False,True,False,False,False,False,False,False,False,True,False,False,False,False,False,False,False,True,1.320183477582201
1.455336243426808,-0.41693123997061526,-0.7818960176724926,-0.6704279128640974,-0.47652375010284864,0.9671497655075801,-0.915027553826568,-1.5584090745334804,1.172252089150565,1.0700007523445527,-1.3275562839857862,0.30692951095209514,1.9028787746261433,-1.58395198596164,False,True,False,False,True,False,False,False,False,False,False,False,False,False,True,False,False,False,False,False,False,False,False,False,True,True,False,False,False,-0.10890898508012495
1.0289070753259422,-0.4295095696569693,-0.9795161868240786,-1.0154619179290163,0.24793542923085088,-0.23079710313249066,-0.10512497009375919,2.1489170994828997,0.043608494568366504,1.0700007523445527,-1.3275562839857862,-0.6581277013684351,0.8553343986955897,0.176399622478337,True,False,False,False,False,False,False,False,False,False,False,False,False,True,False,False,False,False,False,False,False,False,False,True,False,True,False,False,False,-0.9633334267865198
-1.5296679332792527,1.9352164113775863,0.6834979851591508,0.634212892775878,0.7089549069886596,0.9671497655075801,2.1146080371739386,0.5416013944082598,-0.28919666793664073,1.0700007523445527,-0.4838033104904468,1.1647581441258998,1.3791065866608665,0.4711169512341329,False,False,False,False,False,False,True,False,False,False,False,True,False,False,False,False,False,True,False,False,False,False,False,False,False,False,False,False,True,0.3219896307756407
0.6024779072250764,0.22456357403343968,2.658719105217232,2.431631026715024,2.026153414868113,0.9671497655075801,1.5746729813520663,0.6169863856010402,0.31853449837685077,1.0700007523445527,0.6412006541700057,1.2719867232726254,0.33156221073031283,1.0919143361988344,False,False,False,True,False,False,False,False,True,False,False,False,False,False,False,True,False,False,False,False,False,False,True,False,False,False,False,False,False,1.0858925951967466
-1.5296679332792527,-1.1590526914655024,-0.8440922644230185,-0.9632762857034172,-0.805823377072712,-1.4287439717725614,-1.1250022977572962,0.47970493199675895,1.6208155690486183,-1.8457512977943287,1.4849536276653452,-1.6231849136889653,-0.7159821652002408,1.5980250565250973,False,False,False,False,False,False,True,False,False,False,False,True,False,False,False,False,False,True,False,False,False,False,False,False,False,True,False,False,False,-1.2455474442053627
1.0289070753259422,1.2559866083144693,-1.6338725328452348,-1.670652530521412,1.038254533958523,-1.4287439717725614,-0.49507806596511156,-0.8912519024773737,0.10148765326488951,-0.3878752727248879,1.4849536276653452,-0.33644196392825837,-0.7159821652002408,-1.0712237789946732,True,False,False,False,False,False,False,False,False,False,False,False,False,True,False,False,False,False,False,False,False,False,False,True,False,False,False,True,False,-1.4977241690106857
-0.676809597077521,-0.8445944493066518,1.7345305062609404,1.6489335193847479,-0.47652375010284864,0.9671497655075801,-1.2449878657177122,0.28313856746158406,-0.5930622510933865,1.0700007523445527,-1.3275562839857862,-0.6581277013684351,0.8553343986955897,0.6315344586656166,False,True,False,False,False,False,False,False,True,False,False,False,True,False,False,False,False,False,False,False,True,False,False,False,False,False,False,True,False,1.0030169742130808
1.0289070753259422,1.8597464332594622,-1.5221224070676855,-1.5694703880395562,-0.3448038993149033,0.9671497655075801,-0.8850311618364639,-0.8372439409299747,0.49217197446641975,1.0700007523445527,-1.3275562839857862,-0.12198480563480721,-0.19220997723496397,0.1303868236633404,True,False,False,False,False,False,False,False,False,False,False,False,False,True,False,False,False,False,False,False,False,False,False,True,False,False,False,True,False,-1.4569007576859472
-0.676809597077521,-0.5678711962068634,2.2984291353020248,2.321548334736913,2.026153414868113,-1.4287439717725614,-1.1849950817375041,0.210499743805112,-1.3889006831705777,-0.3878752727248879,-0.20255231932533366,-0.33644196392825837,-1.2397543531655175,0.22761626537055252,False,True,False,False,False,False,False,False,True,False,False,False,True,False,False,False,False,False,False,False,True,False,False,False,False,False,False,True,False,1.9721292604438236
-0.676809597077521,-1.008112735229254,0.6442050860295957,0.5762288569696569,0.31379535462482355,-0.23079710313249066,0.3148245177676972,-1.445627743066853,-1.5914777386084082,-1.8457512977943287,0.9224516453351189,1.2719867232726254,-0.19220997723496397,0.5838781760192195,False,True,False,False,False,False,False,False,True,False,False,False,True,False,False,False,False,False,False,False,True,False,False,False,False,False,False,False,True,0.2021135266180484
1.455336243426808,-1.0710043836610241,-0.8801282654963805,-0.902364056088982,0.3796552800187962,0.9671497655075801,-0.4050888899947995,0.22659982406699872,-0.2457872989142485,1.0700007523445527,0.3599496630048926,0.843072406685723,0.33156221073031283,-0.0001166687420164445,False,True,False,False,True,False,False,False,False,False,False,False,False,False,True,False,False,False,False,False,False,False,False,False,True,True,False,False,False,-0.818198690203922
-0.676809597077521,-1.2596793289563346,0.8874568483770912,1.0690931613225365,0.24793542923085088,0.9671497655075801,1.6946585493124824,0.20236893404074788,-1.1573840483844857,-1.8457512977943287,1.4849536276653452,-0.2292133847815328,-1.2397543531655175,-0.6878356729663558,False,True,False,False,False,False,False,False,True,False,False,False,True,False,False,False,False,False,False,False,True,False,False,False,False,False,False,False,True,1.574817799055903
1.455336243426808,1.671071487964152,-0.6631768304628743,-0.6124438770578763,-0.47652375010284864,-0.23079710313249066,0.014860597866656913,0.10547229714688473,0.8683865059938193,1.0700007523445527,-1.046305292820673,-0.9798134388086118,-0.7159821652002408,-0.7564333907504214,False,True,False,False,True,False,False,False,False,False,False,False,False,False,True,False,False,False,False,False,False,False,False,False,True,True,False,False,False,-0.2986900611382726
-0.2503804289766552,0.40066018964239597,0.21233339969655304,0.20501505973822928,-0.6741035262847667,0.9671497655075801,0.1948389498072811,-1.2649460731044424,-1.1284444690362243,-1.8457512977943287,-0.4838033104904468,-1.4087277553955142,1.9028787746261433,0.16420759392882092,False,True,False,False,False,False,False,False,True,True,False,False,False,False,False,False,False,False,False,False,False,True,False,False,False,False,False,False,False,0.13766988064722377
1.0289070753259422,1.4446615536097795,-1.5621857551997809,-1.5868945907993255,-0.47652375010284864,-0.23079710313249066,-1.3949698256682324,-1.3890889996722677,0.10148765326488951,1.0700007523445527,0.9224516453351189,1.1647581441258998,0.8553343986955897,-1.2553696424990255,True,False,False,False,False,False,False,False,False,False,False,False,False,True,False,False,False,False,False,False,False,False,False,True,False,False,False,True,False,-1.3827632581898508
1.0289070753259422,1.6207581692187358,-0.9381921039605539,-1.0183321277014241,1.038254533958523,0.9671497655075801,-0.7650455938760478,0.4016006964788104,0.05807828424249726,1.0700007523445527,-1.6088072751508993,-1.5159563345422398,-1.2397543531655175,0.9702502722670384,True,False,False,False,False,False,False,False,False,False,False,False,False,True,False,False,False,False,False,False,False,False,False,True,False,True,False,False,False,-1.1379593233896645
0.17604873912421065,-0.5678711962068634,0.49256671416598297,0.37618393343819395,-0.805823377072712,-1.4287439717725614,-0.2851033220343834,-0.5407116934309448,0.11595744293902026,-0.3878752727248879,-0.20255231932533366,0.5213866692455463,-0.7159821652002408,0.9119909246477258,False,True,False,False,False,False,False,False,True,False,False,False,False,False,False,False,True,False,False,True,False,False,False,False,False,False,False,True,False,-0.14877666436716033
-0.2503804289766552,-1.4106192851925827,0.6997474550309098,1.0690931613225365,0.24793542923085088,-0.23079710313249066,0.5247992616984254,-1.2679345495410135,-1.1863236277327471,1.0700007523445527,-1.6088072751508993,-1.5159563345422398,-1.2397543531655175,-1.6332632089426256,False,True,False,False,False,False,False,False,True,True,False,False,False,False,False,False,False,False,False,False,False,True,False,False,False,False,False,False,True,2.3066354736398393
-1.1032387651783868,0.6773834427421843,-1.615311715965855,-1.656504425784694,1.1699743847464683,-1.4287439717725614,1.0347379255301938,2.1839172739652617,0.998614613060996,-0.3878752727248879,0.9224516453351189,-1.5159563345422398,1.9028787746261433,-0.5720470263969852,False,False,True,False,False,False,False,True,False,False,True,False,False,False,False,False,False,False,True,False,False,False,False,False,False,False,False,True,False,-1.5034585612369031
-0.676809597077521,1.9226380816912323,0.25649413570579466,0.5490343441765392,0.31379535462482355,0.9671497655075801,-0.6450600259156317,0.13611091142452192,-1.5770079489342774,-0.3878752727248879,0.07869867183977948,-0.44367054307498394,-0.7159821652002408,-1.6278652629520023,False,True,False,False,False,False,False,False,True,False,False,False,True,False,False,False,False,False,False,False,True,False,False,False,False,False,False,False,True,1.5856039177671213
0.17604873912421065,-0.8320161196202979,0.20504915458162687,0.19933262422921952,-1.1351230040425755,-1.4287439717725614,0.07485338184686496,-1.5530244323054248,0.30406470870272,1.0700007523445527,1.2037026365002321,-1.6231849136889653,-0.19220997723496397,0.15174592330106337,False,True,False,False,False,False,False,False,True,False,False,False,False,False,False,False,True,False,False,True,False,False,False,False,False,False,False,True,False,0.13930827842614307
-1.1032387651783868,1.8974814223185241,-1.4018273014437803,-1.3955472726387959,-0.9375432278606574,0.9671497655075801,-0.915027553826568,1.2200663151432836,0.9262656646903422,-0.3878752727248879,0.6412006541700057,-1.194270597102063,-1.2397543531655175,-1.5243731563943665,False,False,True,False,False,False,False,True,False,False,True,False,False,False,False,False,False,False,True,False,False,False,False,False,False,False,False,True,False,-1.1068297655901986
-0.676809597077521,1.9352164113775863,0.6834979851591508,0.634212892775878,0.31379535462482355,0.9671497655075801,0.4348100857281133,0.3073694574878349,-1.6204173179566697,-1.8457512977943287,0.9224516453351189,1.2719867232726254,-0.19220997723496397,0.4711169512341329,False,True,False,False,False,False,False,False,True,False,False,False,True,False,False,False,False,False,False,False,True,False,False,False,False,False,False,False,True,0.3219896307756407
1.455336243426808,-1.3351493070744587,-0.9865552890745604,-0.954549688314581,-0.27894397392093057,0.9671497655075801,-1.5449517856187525,0.29929249414575126,-0.216847719565987,-0.3878752727248879,-0.20255231932533366,1.4864438815660765,0.33156221073031283,-0.9344818396646718,False,True,False,False,True,False,False,False,False,False,False,False,False,False,True,False,False,False,False,False,False,False,False,False,True,True,False,False,False,-0.6490341195305082
1.0289070753259422,1.004420014587389,-0.9358457365437265,-0.9893980938341198,-0.805823377072712,0.9671497655075801,1.7546513332926905,-0.4770382990841857,-0.014270664128156493,-0.3878752727248879,-0.20255231932533366,-0.2292133847815328,-0.7159821652002408,0.49220467123842015,True,False,False,False,False,False,False,False,False,False,False,False,False,True,False,False,False,False,False,False,False,False,False,True,False,True,False,False,False,-1.0108469623751783
0.6024779072250764,0.26229856309250177,1.5896860937833648,1.7910233991278925,1.1699743847464683,0.9671497655075801,-1.2149914737276082,-0.4860306516050388,0.998614613060996,-0.3878752727248879,0.3599496630048926,-0.014756226488081628,-0.7159821652002408,-0.5307481634376714,False,False,False,True,False,False,False,False,True,False,False,False,False,False,False,True,False,False,False,False,False,False,True,False,False,False,False,False,False,2.2368670348875273
0.17604873912421065,-0.6056061852659256,-0.028326852369670294,0.04277572755242247,-1.0034031532546301,-1.4287439717725614,1.094730709510402,1.1958354251170327,0.9262656646903422,1.0700007523445527,-1.3275562839857862,0.4141580900988207,-1.2397543531655175,-0.47618385018758347,False,True,False,False,False,False,False,False,True,False,False,False,False,False,False,False,True,False,False,True,False,False,False,False,False,False,False,True,False,0.3118861778056388
-0.676809597077521,0.9163717067829107,0.4798192852148617,0.3877517485815351,0.3796552800187962,-0.23079710313249066,0.8247631815994656,-0.08581711800479547,-1.5191287902377546,1.0700007523445527,-1.6088072751508993,-1.4087277553955142,-0.7159821652002408,0.7497437986883236,False,True,False,False,False,False,False,False,True,False,False,False,True,False,False,False,False,False,False,False,True,False,False,False,False,False,False,False,True,-0.04460187225754382
1.455336243426808,-1.3099926477017505,-0.7693236907674034,-0.7197433353172885,-0.47652375010284864,0.9671497655075801,0.9447487495598818,-1.5425513031718563,1.5484666206779645,1.0700007523445527,-1.3275562839857862,0.4141580900988207,-1.2397543531655175,-0.8625557047533012,False,True,False,False,True,False,False,False,False,False,False,False,False,False,True,False,False,False,False,False,False,False,False,False,True,True,False,False,False,-0.39016727046126476
-1.5296679332792527,-0.9955344055429001,-0.8925605107646444,-0.9727276835398312,-1.0692630786486028,-0.23079710313249066,0.7647703976192576,0.06239515932243878,1.3748291445883956,-0.3878752727248879,1.4849536276653452,-1.6231849136889653,0.33156221073031283,0.9456232792378733,False,False,False,False,False,False,True,False,False,False,False,True,False,False,False,False,False,True,False,False,False,False,False,False,False,True,False,False,False,-1.101095373363981
-1.1032387651783868,0.7151184318012465,0.8853906442339148,0.9241620638248867,0.31379535462482355,-0.23079710313249066,-0.7050528098958397,-0.3791724265892725,0.998614613060996,-0.3878752727248879,0.9224516453351189,-1.5159563345422398,1.9028787746261433,0.007159397416797652,False,False,True,False,False,False,False,True,False,False,True,False,False,False,False,False,False,False,True,False,False,False,False,False,False,False,True,False,False,0.9003440467341401
-1.5296679332792527,1.6584931582777978,-1.0509578216050879,-1.0125917081566083,1.038254533958523,0.9671497655075801,-0.7950419858661518,0.210499743805112,1.866801993508841,-0.3878752727248879,0.07869867183977948,-0.44367054307498394,-0.7159821652002408,-1.1498423821164894,False,False,False,False,False,False,True,False,False,False,False,True,False,False,False,False,False,True,False,False,False,False,False,False,False,True,False,False,False,-0.6712890226941615
-0.676809597077521,-0.8571727789930059,0.23229503294418816,0.48925280326032516,0.31379535462482355,0.9671497655075801,-0.7050528098958397,2.2861447066649,-1.5625381592601468,1.0700007523445527,-1.6088072751508993,-1.194270597102063,0.33156221073031283,-1.4586538158183295,False,True,False,False,False,False,False,False,True,False,False,False,True,False,False,False,False,False,False,False,True,False,False,False,False,False,False,False,True,1.3984169715255956
0.17604873912421065,-0.5678711962068634,0.30419193304488024,0.3993775477606824,-0.9375432278606574,0.9671497655075801,-1.0950059057671921,0.8835261758897995,0.10148765326488951,-0.3878752727248879,-0.20255231932533366,0.5213866692455463,-0.7159821652002408,-0.47800604599719737,False,True,False,False,False,False,False,False,True,False,False,False,False,False,False,False,True,False,False,True,False,False,False,False,False,False,False,True,False,0.694861658628016
-0.2503804289766552,0.13651526622896157,-0.29864939103369514,-0.1195795727049967,-0.47652375010284864,0.9671497655075801,0.9447487495598818,0.3746774853385317,-1.5770079489342774,-0.3878752727248879,0.6412006541700057,1.379215302419351,0.33156221073031283,-1.4903957897240552,False,True,False,False,False,False,False,False,True,True,False,False,False,False,False,False,False,False,False,False,False,True,False,False,False,False,False,False,False,0.6011999189331317
0.6024779072250764,-0.014424690007286663,1.2209562052494203,1.156069215031868,2.026153414868113,0.9671497655075801,-1.065009513777088,-0.9095866092639036,1.056493771757519,-0.3878752727248879,0.6412006541700057,-0.9798134388086118,-0.19220997723496397,0.5522082825526299,False,False,False,True,False,False,False,False,True,False,False,False,False,False,False,True,False,False,False,False,False,False,True,False,False,False,False,False,False,0.6842120730650407
1.455336243426808,-0.920064427424776,0.262097401178815,0.05150232494125872,-0.9375432278606574,0.9671497655075801,-0.975020337806776,1.2900666641080083,0.23171576033206626,1.0700007523445527,0.6412006541700057,1.2719867232726254,0.33156221073031283,1.7144692625494682,False,True,False,False,True,False,False,False,False,False,False,False,False,False,True,False,False,False,False,False,False,False,False,False,True,True,False,False,False,-0.7792867429545893
0.17604873912421065,-0.5678711962068634,0.27344401376168126,0.2399214492935743,-1.2009829294365482,0.9671497655075801,-0.13512136208386322,1.8278308834239354,-0.028740453802287243,1.0700007523445527,-1.6088072751508993,-1.5159563345422398,-1.2397543531655175,0.3546950346839796,False,True,False,False,False,False,False,False,True,False,False,False,False,False,False,False,True,False,False,True,False,False,False,False,False,False,False,True,False,0.06380544744761377
0.17604873912421065,-0.8445944493066518,0.35969928163698806,0.3442927137447723,-0.27894397392093057,-0.23079710313249066,-0.7350492018859438,2.3667258776077547,0.130427232613151,-0.3878752727248879,-0.20255231932533366,-0.33644196392825837,-1.2397543531655175,0.23994230647935594,False,True,False,False,False,False,False,False,True,False,False,False,False,False,False,False,True,False,False,True,False,False,False,False,False,False,False,True,False,0.21904363700021384
-1.5296679332792527,1.0547333333328048,-0.916759613526251,-0.9606380120742343,1.3675541609283863,0.9671497655075801,-0.5250744579552156,-0.19178687705293254,1.6208155690486183,1.0700007523445527,-1.3275562839857862,-0.6581277013684351,0.8553343986955897,0.3299428279815495,False,False,False,False,False,False,True,False,False,False,False,True,False,False,False,False,False,True,False,False,False,False,False,False,False,True,False,False,False,-0.949816645110436
-1.5296679332792527,1.004420014587389,-0.9358457365437265,-0.9893980938341198,-1.0034031532546301,0.9671497655075801,-0.3450961060145914,-0.40609563772955126,1.3748291445883956,-0.3878752727248879,1.2037026365002321,1.4864438815660765,-0.19220997723496397,0.49220467123842015,False,False,False,False,False,False,True,False,False,False,False,True,False,False,False,False,False,True,False,False,False,False,False,False,False,True,False,False,False,-1.0108469623751783
0.17604873912421065,-0.8445944493066518,0.3829528333500224,0.2573166600354406,-1.2009829294365482,0.9671497655075801,0.6447848296588414,1.6912494333093016,-0.04321024347641799,1.0700007523445527,-1.3275562839857862,-0.6581277013684351,0.8553343986955897,1.0002639398096795,False,True,False,False,False,False,False,False,True,False,False,False,False,False,False,False,True,False,False,True,False,False,False,False,False,False,False,True,False,-0.281213818163134
0.6024779072250764,0.07362361779719147,1.4265260072908537,1.1270771971287576,-1.1351230040425755,0.9671497655075801,0.5547956536885295,2.2861447066649,0.5645209228370736,-0.3878752727248879,0.6412006541700057,-0.9798134388086118,-0.19220997723496397,1.7109760860247187,False,False,False,True,False,False,False,False,True,False,False,False,False,False,False,True,False,False,False,False,False,False,True,False,False,False,False,False,False,-0.25377065536623633
-0.2503804289766552,0.28745522246520977,1.0254022402410106,0.8936914530087176,0.24793542923085088,0.9671497655075801,0.5247992616984254,0.2508307140932496,0.8973260853420808,1.0700007523445527,0.3599496630048926,-0.44367054307498394,1.3791065866608665,0.9156169182991107,False,True,False,False,False,False,False,False,True,True,False,False,False,False,False,False,False,False,False,False,False,True,False,False,False,False,False,False,False,0.21098818125386076
-0.676809597077521,-0.4420878993433233,0.4416470391799104,0.3442927137447723,1.1699743847464683,-1.4287439717725614,0.8247631815994656,1.5592987755107954,-1.490189210889493,-0.3878752727248879,1.4849536276653452,-1.4087277553955142,1.3791065866608665,0.7902676320061153,False,True,False,False,False,False,False,False,True,False,False,False,True,False,False,False,False,False,False,False,True,False,False,False,False,False,False,False,True,-0.10044392988904204
-1.1032387651783868,1.5956015098460277,0.2725334831223155,0.1848656072955673,2.026153414868113,-0.23079710313249066,0.37481730174790523,0.4843895707351675,1.1433125098023036,-0.3878752727248879,-0.20255231932533366,0.5213866692455463,-0.7159821652002408,0.7431500655507594,False,False,True,False,False,False,False,True,False,False,True,False,False,False,False,False,False,False,True,False,False,False,False,False,False,False,True,False,False,-0.19192113921203416
1.455336243426808,-1.1464743617791484,-0.5885483384440847,-0.7023191325575191,-0.47652375010284864,0.9671497655075801,0.28482812577759314,0.3911544905563823,1.5339968310038337,-1.8457512977943287,-0.4838033104904468,-1.4087277553955142,1.9028787746261433,1.2735291054275066,False,True,False,False,True,False,False,False,False,False,False,False,False,False,True,False,False,False,False,False,False,False,False,False,True,True,False,False,False,-1.0128949595988277
-0.2503804289766552,-0.10247299781176479,1.000572770113689,0.7498910442092891,-0.805823377072712,0.9671497655075801,-1.4549626096484405,0.10547229714688473,-1.142914258710355,-0.3878752727248879,0.6412006541700057,-1.194270597102063,-1.2397543531655175,1.6122140851246407,False,True,False,False,False,False,False,False,True,True,False,False,False,False,False,False,False,False,False,False,False,True,False,False,False,False,False,False,False,-0.3694142319282875
1.0289070753259422,1.2937215973735312,-0.8648243466731936,-0.8443800202827608,1.038254533958523,-0.23079710313249066,-0.13512136208386322,1.7612228590628858,0.029138704894235756,-1.8457512977943287,-0.76505430165556,1.0575295649791743,1.9028787746261433,-0.6030433322599585,True,False,False,False,False,False,False,False,False,False,False,False,False,True,False,False,False,False,False,False,False,False,False,True,False,False,False,True,False,-0.604797379499688
-0.676809597077521,-0.8320161196202979,1.1022019976305952,1.3590133403536422,-0.9375432278606574,0.9671497655075801,1.094730709510402,-1.4882202630907737,-0.057680033150548746,1.0700007523445527,-1.6088072751508993,-1.5159563345422398,-1.2397543531655175,-0.924188503258695,False,True,False,False,False,False,False,False,True,False,False,False,True,False,False,False,False,False,False,False,True,False,False,False,False,False,False,True,False,2.102928016460878
-1.5296679332792527,-1.0332693946019622,-0.8916499801252786,-0.9235862131940589,-0.9375432278606574,-1.4287439717725614,-0.8250383778562559,0.2669846407774168,1.6063457793744875,-0.3878752727248879,-1.3275562839857862,0.09247235265864395,-0.19220997723496397,0.1444666491888485,False,False,False,False,False,False,True,False,False,False,False,True,False,False,False,False,False,True,False,False,False,False,False,False,False,True,False,False,False,-0.8732215489459604
1.455336243426808,-1.3225709773881047,-0.6945901375209946,-0.7907447871620062,2.026153414868113,0.9671497655075801,0.4648064777182173,-1.4079352474704627,1.9680905212277562,-0.3878752727248879,0.9224516453351189,-0.6581277013684351,-1.2397543531655175,1.0919633754489084,False,True,False,False,True,False,False,False,False,False,False,False,False,False,True,False,False,False,False,False,False,False,False,False,True,True,False,False,False,-1.0158986888601795
-1.1032387651783868,1.8849030926321702,-1.4754402015955848,-1.5111964320543039,1.1041144593524956,0.9671497655075801,-0.19511414606407126,0.06775287833935427,0.9841448233868653,-0.3878752727248879,0.9224516453351189,-0.6581277013684351,-1.2397543531655175,-0.33313225212415926,False,False,True,False,False,False,False,True,False,False,True,False,False,False,False,False,False,False,True,False,False,False,False,False,False,False,False,True,False,-1.3644678163252524
-1.5296679332792527,-0.9703777461701921,-0.8722836938341519,-0.9980087231513437,1.4992740117163317,0.9671497655075801,-0.8550347698463598,-0.8987634783855116,1.46164788263318,-1.8457512977943287,0.9224516453351189,1.1647581441258998,-0.7159821652002408,1.7587075361965017,False,False,False,False,False,False,True,False,False,False,False,True,False,False,False,False,False,True,False,False,False,False,False,False,False,True,False,False,False,-1.2992049714649685
-0.676809597077521,-0.5301362071478014,2.8824644996367756,2.53319006542962,2.026153414868113,0.9671497655075801,-0.6150636339255277,-1.3753312387795853,-1.43231005219297,-0.3878752727248879,0.9224516453351189,1.1647581441258998,0.33156221073031283,1.4870131627491303,False,True,False,False,False,False,False,False,True,False,False,False,True,False,False,False,False,False,False,False,True,False,False,False,False,False,False,True,False,0.691857929366664
-0.676809597077521,-0.6936544930704037,0.30566279023154835,0.3732847316478829,1.038254533958523,0.9671497655075801,-1.2149914737276082,0.2508307140932496,-1.5191287902377546,1.0700007523445527,0.9224516453351189,-0.12198480563480721,1.9028787746261433,-0.306901036056519,False,True,False,False,False,False,False,False,True,False,False,False,True,False,False,False,False,False,False,False,True,False,False,False,False,False,False,False,True,0.5662474329828541
0.17604873912421065,0.6648051130558303,-0.11556269170275554,0.03700631598970344,-1.0034031532546301,-1.4287439717725614,-0.37509249800469546,-0.7184318101679247,-0.13002898152120249,1.0700007523445527,-1.3275562839857862,-0.2292133847815328,-0.7159821652002408,-1.116329805772554,False,True,False,False,False,False,False,False,True,False,False,False,False,False,False,False,True,False,False,True,False,False,False,False,False,False,False,True,False,0.6248201535792176
-0.676809597077521,0.8409017286647866,0.730320272268077,0.484237184163087,0.31379535462482355,-0.23079710313249066,1.3946946294114422,0.32524646968497994,-1.548068369586016,-0.3878752727248879,-1.3275562839857862,-0.8725848596618863,-1.2397543531655175,1.7110304081926722,False,True,False,False,False,False,False,False,True,False,False,False,True,False,False,False,False,False,False,False,True,False,False,False,False,False,False,False,True,-0.5668411642880584
-1.1032387651783868,-0.7565461415021738,-1.498763794127032,-1.5463057657349708,-0.47652375010284864,-1.4287439717725614,0.5847920456786334,2.3804567152892964,0.9552052440386037,-0.3878752727248879,0.9224516453351189,0.6286152483922719,1.3791065866608665,0.17042449472240373,False,False,True,False,False,False,False,True,False,False,True,False,False,False,False,False,False,False,True,False,False,False,False,False,False,False,False,True,False,-1.4388783821178355
-1.5296679332792527,-1.0584260539746702,0.6617503110419906,0.6776719276126407,2.026153414868113,-0.23079710313249066,-0.6150636339255277,0.47771261437237833,0.043608494568366504,-0.3878752727248879,0.3599496630048926,-0.014756226488081628,-0.7159821652002408,0.09190722756999414,False,False,False,False,False,False,True,False,False,False,False,True,False,False,False,False,False,True,False,False,False,False,False,False,False,False,False,False,True,0.6114399050513771
1.0289070753259422,-1.4609326039379988,-1.6438533494690524,-1.67743666271074,-0.805823377072712,-0.23079710313249066,-1.2749842577078163,-0.8099438048337321,0.5645209228370736,1.0700007523445527,-1.3275562839857862,-0.2292133847815328,-0.7159821652002408,-1.4467939393828044,True,False,False,False,False,False,False,False,False,False,False,False,False,True,False,False,False,False,False,False,False,False,False,True,False,False,False,True,False,-1.4907609784502787
-0.676809597077521,1.9729514004366482,0.31893552532076513,0.35875973067842454,1.1041144593524956,0.9671497655075801,0.07485338184686496,0.2750616041195004,-1.5046590005636238,1.0700007523445527,-0.4838033104904468,-0.5508991222217096,0.33156221073031283,-0.1268025203367082,False,True,False,False,False,False,False,False,True,False,False,False,True,False,False,False,False,False,False,False,True,False,False,False,False,False,False,False,True,0.44609826252877477
-0.676809597077521,0.8786367177238487,0.644870473804517,0.5037198201939773,0.31379535462482355,-0.23079710313249066,1.7546513332926905,-0.7560973825531746,-1.5770079489342774,1.0700007523445527,-1.6088072751508993,-0.9798134388086118,1.3791065866608665,1.0443667349911967,False,True,False,False,False,False,False,False,True,False,False,False,True,False,False,False,False,False,False,False,True,False,False,False,False,False,False,False,True,-0.14195000695499674
0.17604873912421065,-0.5678711962068634,0.08787086537708896,0.2660142654063738,-1.2009829294365482,-1.4287439717725614,1.2747090614510261,0.6521480993502441,-0.057680033150548746,-0.3878752727248879,-1.3275562839857862,0.09247235265864395,-0.19220997723496397,-1.118054158214673,False,True,False,False,False,False,False,False,True,False,False,False,False,False,False,False,True,False,False,True,False,False,False,False,False,False,False,True,False,0.9101744334076557
-0.2503804289766552,-0.19052130561624292,0.7248220680226757,0.4863825934879172,0.24793542923085088,-1.4287439717725614,-0.5550708499453196,0.04082966719907555,-1.142914258710355,-0.3878752727248879,0.9224516453351189,0.6286152483922719,1.3791065866608665,1.661724927638416,False,True,False,False,False,False,False,False,True,True,False,False,False,False,False,False,False,False,False,False,False,True,False,False,False,False,False,False,False,-0.5353020070438628
-0.676809597077521,1.117624981764575,0.3282859745788677,0.3732847316478829,1.1041144593524956,-0.23079710313249066,-0.07512857810365517,1.5592987755107954,-1.5046590005636238,-1.8457512977943287,-0.76505430165556,-0.7653562805151607,0.33156221073031283,-0.1569726884185049,False,True,False,False,False,False,False,False,True,False,False,False,True,False,False,False,False,False,False,False,True,False,False,False,False,False,False,False,True,0.47804701921770043
1.0289070753259422,1.784276455141338,-1.650682329264296,-1.6912658552505235,1.038254533958523,0.9671497655075801,1.4246910214015462,-1.3271656140496266,0.05807828424249726,-1.8457512977943287,1.4849536276653452,-0.2292133847815328,-1.2397543531655175,-0.9042314608420559,True,False,False,False,False,False,False,False,False,False,False,False,False,True,False,False,False,False,False,False,False,False,False,True,False,False,False,True,False,-1.5292633262548814
-1.5296679332792527,-1.2596793289563346,0.8874568483770912,1.0690931613225365,0.18207550383687818,0.9671497655075801,0.8247631815994656,-0.08581711800479547,-0.04321024347641799,1.0700007523445527,0.6412006541700057,1.2719867232726254,0.33156221073031283,-0.6878356729663558,False,False,False,False,False,False,True,False,False,False,False,True,False,False,False,False,False,True,False,False,False,False,False,False,False,False,False,False,True,1.574817799055903
-1.1032387651783868,0.6899617724285384,1.0219702401387856,1.0662229515501285,-1.1351230040425755,0.9671497655075801,1.5146801973718582,-1.5153588599201748,-0.28919666793664073,-0.3878752727248879,-0.20255231932533366,-0.2292133847815328,-0.7159821652002408,0.0036281867968444605,False,False,True,False,False,False,False,True,False,False,True,False,False,False,False,False,False,False,True,False,False,False,False,False,False,False,True,False,False,1.036877194977412
-1.5296679332792527,-1.1213177024064402,-0.8146401002804553,-0.931761962242736,-0.21308404852695792,-0.23079710313249066,1.6046693733421704,0.2750616041195004,1.6063457793744875,-0.3878752727248879,-1.3275562839857862,0.09247235265864395,-0.19220997723496397,1.525934395657414,False,False,False,False,False,False,True,False,False,False,False,True,False,False,False,False,False,True,False,False,False,False,False,False,False,True,False,False,False,-1.2119602897375177
1.455336243426808,0.9415283661556187,-0.8001066304598089,-0.6778788614651968,-0.47652375010284864,-1.4287439717725614,-0.2851033220343834,-1.4913702787941865,1.1867218788246958,-0.3878752727248879,0.9224516453351189,0.6286152483922719,1.3791065866608665,-1.7337790620272098,False,True,False,False,True,False,False,False,False,False,False,False,False,False,True,False,False,False,False,False,False,False,False,False,True,True,False,False,False,-0.07300076709214452
-0.2503804289766552,1.155359970823637,2.179009539908279,2.3737049749446086,0.24793542923085088,-1.4287439717725614,-0.4350852819849035,0.24275375075116595,-1.2442027864292702,1.0700007523445527,-1.3275562839857862,-0.6581277013684351,0.8553343986955897,-0.36500374914072614,False,True,False,False,False,False,False,False,True,True,False,False,False,False,False,False,False,False,False,False,False,True,False,False,False,False,False,False,True,2.683330429643026
1.0289070753259422,1.6584931582777978,-1.0509578216050879,-1.0125917081566083,0.24793542923085088,-1.4287439717725614,0.07485338184686496,-0.7291741714128959,0.043608494568366504,1.0700007523445527,-1.3275562839857862,-0.6581277013684351,0.8553343986955897,-1.1498423821164894,True,False,False,False,False,False,False,False,False,False,False,False,False,True,False,False,False,False,False,False,False,False,False,True,False,True,False,False,False,-0.6712890226941615
-1.5296679332792527,0.9666850255283268,-0.9919834525015491,-1.0125627161387052,1.6968537878982497,0.9671497655075801,0.5547956536885295,0.5092935410399253,1.519527041329703,-0.3878752727248879,0.6412006541700057,-0.2292133847815328,-0.19220997723496397,-0.09692703667654456,False,False,False,False,False,False,True,False,False,False,False,True,False,False,False,False,False,True,False,False,False,False,False,False,False,True,False,False,False,-0.9010743111875879
0.6024779072250764,0.35034687089697986,2.4053814650183,2.1965927375745067,-0.01550427234503986,0.9671497655075801,0.9447487495598818,-0.8987634783855116,0.9117958750162115,1.0700007523445527,0.6412006541700057,1.1647581441258998,-0.19220997723496397,1.0601877915407731,False,False,False,True,False,False,False,False,True,False,False,False,False,False,False,True,False,False,False,False,False,False,True,False,False,False,False,False,False,0.9666991567803704
-0.676809597077521,-0.4924012180887394,0.15563535719142874,0.40227674955099346,0.3796552800187962,0.9671497655075801,1.5146801973718582,-0.03197069572423802,-1.5335985799118852,1.0700007523445527,-1.3275562839857862,0.4141580900988207,-1.2397543531655175,-1.4674297461922334,False,True,False,False,False,False,False,False,True,False,False,False,True,False,False,False,False,False,False,False,True,False,False,False,False,False,False,False,True,1.2876885883003024
1.0289070753259422,-0.9955344055429001,-0.8925605107646444,-0.9727276835398312,0.31379535462482355,-0.23079710313249066,-0.3450961060145914,1.1716045350907818,-0.014270664128156493,-0.3878752727248879,-0.20255231932533366,0.5213866692455463,-0.7159821652002408,0.9456232792378733,True,False,False,False,False,False,False,False,False,False,False,False,False,True,False,False,False,False,False,False,False,False,False,True,False,True,False,False,False,-1.101095373363981
1.455336243426808,1.6459148285914438,-0.7558758536321546,-0.6849239218156528,-0.47652375010284864,-1.4287439717725614,-0.6450600259156317,0.06775287833935427,1.1867218788246958,1.0700007523445527,-0.4838033104904468,-0.5508991222217096,0.33156221073031283,-1.0936830644030784,False,True,False,False,True,False,False,False,False,False,False,False,False,False,True,False,False,False,False,False,False,False,False,False,True,True,False,False,False,-0.2786196883465117
1.0289070753259422,-0.0018463603209326442,-1.0067970855958466,-0.9899199501563758,-0.805823377072712,0.9671497655075801,1.6946585493124824,-1.5297089314579435,0.0001991255459742575,-0.3878752727248879,-0.20255231932533366,-0.33644196392825837,-1.2397543531655175,-0.7318772047452206,True,False,False,False,False,False,False,False,False,False,False,False,False,True,False,False,False,False,False,False,False,False,False,True,False,True,False,False,False,-0.7366884007026887
0.17604873912421065,0.6648051130558303,0.209426705732424,0.06454873299765848,-1.1351230040425755,0.9671497655075801,-0.6150636339255277,0.10547229714688473,0.7815677679490347,-0.3878752727248879,-1.3275562839857862,-0.8725848596618863,-1.2397543531655175,1.1996068060187628,False,True,False,False,False,False,False,False,True,False,False,False,False,False,False,False,True,False,False,True,False,False,False,False,False,False,False,True,False,-0.5125009712872364
0.17604873912421065,-0.6056061852659256,0.13819519340665287,0.16164300095517578,-1.1351230040425755,0.9671497655075801,-1.1849950817375041,1.0746809749857784,0.6658094505559887,-0.3878752727248879,0.6412006541700057,-0.2292133847815328,-0.19220997723496397,-0.06863289662203552,False,True,False,False,False,False,False,False,True,False,False,False,False,False,False,False,True,False,False,True,False,False,False,False,False,False,False,True,False,0.22245696570629564
1.455336243426808,-0.40435291028426124,-0.39201380197789637,-0.3805077338329918,-0.805823377072712,0.9671497655075801,1.214716277470818,0.3746774853385317,0.188306391309674,-0.3878752727248879,-0.4838033104904468,1.0575295649791743,0.33156221073031283,-0.16047928088821492,False,True,False,False,True,False,False,False,False,False,False,False,False,False,True,False,False,False,False,False,False,False,False,False,True,True,False,False,False,-0.2636010420397519
0.17604873912421065,-0.5678711962068634,0.3305272807680758,0.27471187077730697,-1.2009829294365482,0.9671497655075801,0.5547956536885295,0.04082966719907555,-0.0721498228246795,-0.3878752727248879,-1.3275562839857862,0.09247235265864395,-0.19220997723496397,0.5117314023548917,False,True,False,False,False,False,False,False,True,False,False,False,False,False,False,False,True,False,False,True,False,False,False,False,False,False,False,True,False,0.005096193703007123
-1.5296679332792527,-0.6559195040113416,-0.9334993691268991,-1.006764312558083,-0.5423836754968213,-1.4287439717725614,0.7047776136390496,-0.5407116934309448,1.693164517419272,-0.3878752727248879,0.9224516453351189,1.2719867232726254,0.8553343986955897,0.8416882470502466,False,False,False,False,False,False,True,False,False,False,False,True,False,False,False,False,False,True,False,False,False,False,False,False,False,True,False,False,False,-1.1017780391051974
0.17604873912421065,0.7528534208603085,0.7064713735985341,0.6720764681573402,-0.805823377072712,-0.23079710313249066,-0.5850672419354236,1.5727334578697945,0.05807828424249726,-1.8457512977943287,1.4849536276653452,-1.6231849136889653,-0.7159821652002408,0.38463601343184506,False,True,False,False,False,False,False,False,True,False,False,False,False,False,False,False,True,False,False,True,False,False,False,False,False,False,False,True,False,0.41073617713376737
1.455336243426808,-1.2848359883290426,-0.4434587831020643,-0.4674837875423235,-0.6741035262847667,0.9671497655075801,0.10484977383696899,-0.6403544978611164,0.7960375576231655,1.0700007523445527,0.3599496630048926,-0.44367054307498394,1.3791065866608665,0.17821795980891347,False,True,False,False,True,False,False,False,False,False,False,False,False,False,True,False,False,False,False,False,False,False,False,False,True,True,False,False,False,-0.472633292000201
-1.5296679332792527,0.8283233989784325,0.8615067251551655,0.634212892775878,0.05035565304893282,-1.4287439717725614,-1.6349409615890647,-0.11101724363209638,-0.332606036959033,1.0700007523445527,-0.4838033104904468,1.1647581441258998,1.3791065866608665,1.5259055039014142,False,False,False,False,False,False,True,False,False,False,False,True,False,False,False,False,False,True,False,False,False,False,False,False,False,False,False,False,True,-0.37200836174490964
-0.2503804289766552,-0.20309963530259695,0.2319448288521243,0.49142720460305844,-1.0034031532546301,0.9671497655075801,-0.49507806596511156,-1.5584090745334804,-1.142914258710355,-1.8457512977943287,-0.4838033104904468,1.593672460712802,1.9028787746261433,-1.472700220422489,False,True,False,False,False,False,False,False,True,True,False,False,False,False,False,False,False,False,False,False,False,True,False,False,False,False,False,False,False,1.410022289126274
-1.1032387651783868,-0.3037262727934291,-0.07767060894145554,-0.11955058068709361,0.31379535462482355,0.9671497655075801,0.014860597866656913,1.1958354251170327,-0.27472687826250997,1.0700007523445527,-1.3275562839857862,0.5213866692455463,-0.7159821652002408,0.39580204420758364,False,False,True,False,False,False,False,True,False,False,True,False,False,False,False,False,False,False,True,False,False,False,False,False,False,False,True,False,False,-0.2601877133336701
-0.676809597077521,-0.8320161196202979,1.2619300840208814,1.5445622549335498,0.005570903781031397,-0.23079710313249066,-0.49507806596511156,0.5496514345392032,-0.0721498228246795,1.0700007523445527,-1.3275562839857862,-0.6581277013684351,0.8553343986955897,-0.9576873940117003,False,True,False,False,False,False,False,False,True,False,False,False,True,False,False,False,False,False,False,False,True,False,False,False,False,False,False,True,False,2.354012476080255
0.17604873912421065,-0.6056061852659256,-0.19134685722535555,0.04048535813807684,-1.0034031532546301,-1.4287439717725614,-0.015135794123447115,-0.7587897036672024,-0.13002898152120249,1.0700007523445527,-1.3275562839857862,-0.2292133847815328,-0.7159821652002408,-1.7320762196142483,False,True,False,False,False,False,False,False,True,False,False,False,False,False,False,False,True,False,False,True,False,False,False,False,False,False,False,True,False,0.9366618641668505
-0.2503804289766552,0.19940691466073165,0.810832193033538,0.7791729822914308,1.1041144593524956,0.9671497655075801,1.2747090614510261,0.27236928300547253,-1.3310215244740546,1.0700007523445527,-1.046305292820673,-0.7653562805151607,0.33156221073031283,0.3740029355887316,False,True,False,False,False,False,False,False,True,True,False,False,False,False,False,False,False,False,False,False,False,True,False,False,False,False,False,False,False,0.5082208449794636
0.17604873912421065,-0.5678711962068634,0.09116278384248859,0.2399214492935743,-1.2009829294365482,-0.23079710313249066,-0.6150636339255277,-0.7830205936934533,-0.014270664128156493,-1.8457512977943287,1.4849536276653452,-0.2292133847815328,-1.2397543531655175,-0.9311472968312906,False,True,False,False,False,False,False,False,True,False,False,False,False,False,False,False,True,False,False,True,False,False,False,False,False,False,False,True,False,0.7744604840538436
-1.1032387651783868,1.809433114514046,-1.5730070616445515,-1.6348473884110704,1.038254533958523,-0.23079710313249066,-0.015135794123447115,2.067878233950661,0.9841448233868653,-0.3878752727248879,0.9224516453351189,-0.6581277013684351,-1.2397543531655175,1.091027632924279,False,False,True,False,False,False,False,True,False,False,True,False,False,False,False,False,False,False,True,False,False,False,False,False,False,False,False,True,False,-1.5664003425770514
0.17604873912421065,0.6648051130558303,0.17391601079715768,0.11638646100842015,-1.1351230040425755,-0.23079710313249066,1.0347379255301938,-0.8912519024773737,0.477702184792289,1.0700007523445527,-1.6088072751508993,-0.9798134388086118,1.3791065866608665,0.5256606993811958,False,True,False,False,False,False,False,False,True,False,False,False,False,False,False,False,True,False,False,True,False,False,False,False,False,False,False,True,False,-0.12993508990958869
